Sheet_Row,Medicine_ID,Brand_Name,Medicine_Name,Generic_Name,Strength,Pack_Size,Manufacturer,Purchase_Rate
5003,,"OASAR-H 40","OASAR-H 40","Telmisartan 40mg & Hydrochlorothiazide Tablets 12.5mg.","40mg +12.5 mg","10 Tablets","Soft Touch Oharmaceuticals India Ltd.",""
5004,,"F-MEGA-1000","F-MEGA-1000","Omega-3 Fatty Acids","1000mg","10 Softgels","CU-Card ( A division of Cubit Healthcare)",""
5005,,"LIVOXIA-300","LIVOXIA-300","Ursodeoxycholoic Acid Tablets IP 300mg","300mg","10 Tablets","Nuliek Healthcare",""
5006,,"Onfos-4","Onfos-4","Ondansetron Dispersible Tablets4mg","4mg","10 Tablets","Tulbros Formulations",""
5007,,"C-ITRA Plus","C-ITRA Plus","Terbinafine & Itraconazole Tablets","250mg+200mg","10 Tablets","Kantil Pharmaceuticals PVT.LTD",""
5008,,"Etofos-90","Etofos-90","Etoricoxib Tablets IP 90mg","90mg","10 Tablets","Tulbros Formulations",""
5009,,"PRE-NTM","PRE-NTM","Nortriptyline,Pregabalin(SR) & Methylcobalamin Tablets","10mg+75mg+1500mcg","10 Tablets","Bajaj Formulations",""
5010,,"Rifalap-400","Rifalap-400","Rifaximin Tablets 400mg","400mg","10 Tablets","Access Life Sciences",""
5011,,"UCILAC SUSPENSION","UCILAC SUSPENSION","Bacillus Clausii Spores Suspension  IHS 2x10000000","2x 100000000 spores","10 Suspension","ARVINCARE PHARMA PVT. LTD",""
5012,,"BINFLOX-OZ","BINFLOX-OZ","Ofloxacin & Orindazole tablets IP","200mg+500mg","10 Tablets","Access Life Sciences",""
5013,,"Terelax-D","Terelax-D","Dextromethorphan HBr,Phenylephrine HCL & Chlorpheniramine Syrup","10mg+5mg+2mg","1 Syrup","Soft Touch Pharmaceuticaos India Ltd",""
5014,,"Cubinal","Cubinal","Clindamycin Phosphate & Clotrimazole Softgel Vaginal Suppositories","100mg+ 200mg","7 Softgels","Soft Touch Pharmaceuticaos India Ltd",""
5015,,"Thiossil-E4","Thiossil-E4","Thiocolchicoside 4mg &Etoricoxib 60mg Tablets","4mg + 60mg","10 Tablets","Bajaj Formulations",""
5016,,"Calcit-Pm","Calcit - PM","Calcitriol, Calcium Carbonate ,Magnesium Oxide,Soya Isoflavones& Vitamin K2-7 Softgel Capsules","","15 Capsule","Bajaj Formulations",""
5017,,"Xepam Plus","Xepam Plus","Escitalopram& Clonazepam Tablets IP","10mg+0.5mg","15 Tablets","Ravian Life Science Pvt.Ltd",""
5018,,"Hypa-DSR","Hypa-DSR","Pantoprazole Gastro-Resistant and Domperidone Prolonged Release Capsules IP","40mg+30mg","10 Capsule","Sunvet Healthcare",""
5019,,"AB-Penem-200","AB-Penem -200","Faropenem Sodium Tablets JP","200 mg","6 Tablets","ARVINCARE PHARMA PVT. LTD",""
5020,,"Tryfos","Tryfos","Trypsin -Chymotrypsin Tablets","1,00,000mg11","10 Tablets","Fossil Remedies",""
5021,,"ZV-Sita M1000","ZV-Sita M1000","SITAGLIPTIN PHOSPHATE& METFORMIN HYDROCHLORIDE TABLETS","50mg+1000mg","15 Tablets","ARVINCARE PHARMA PVT. LTD",""
5022,,"ZV-Sita M 500","ZV-Sita M 500","SITAGLIPTIN PHOSPHATE& METFORMIN HYDROCHLORIDE TABLETS","50mg+500mg","15 Tablets","ARVINCARE PHARMA PVT. LTD",""
5023,,"FEBUO-40","FEBUO-40","Febuxostat Tablets","40mg","10 Tablets","Soft Touch Pharmaceuticaos India Ltd",""
5024,,"BZCAL-C2","BZCAL-C2","Glucosamine,Chondroitin Sulfrate,Collagen,Ginger,Vitamin&Minerals Tablets","","10 Tablets","Biozen Health Products Pvt.Ltd",""
5025,,"Oaclav","Oaclav","Amoxycillin & Potassium Oral Supension I.P","200mg+28.5","Syrup","Soft Touch Pharmaceuticaos India Ltd",""
5026,,"Bilex-300","Bilex-300","Ursodeoxycholoic Acid Tablets IP 300mg","300mg","10 Tablets","Soft Touch Pharmaceuticaos India Ltd",""
5027,,"Levoc M","Levoc M","Levocetrizine Dihydrochloride &Montelukast Tablets IP","5mg +10mg","10 Tablets","iosans Lifecare",""
5028,,"Agmoxtin -LB 625","Agmoxtin -LB 625","Amoxilline,Potassium Clavulate &Lactic Acid Bascillus Tablets","500mg+125mg","6 Tablets","iosans Lifecare",""
5029,,"Diabimass-M","Diabimass-M","Dapagliflozin &Metformine Extended Release Tablets","10mg+500mg","10 Tablet","ARVINCARE PHARMA PVT. LTD",""
5030,,"Oaclav-DS","Oaclav-DS","Amoxycillin & Potassium Oral Supension I.P","400mg+57mg","1 Syrup","Osis biotech",""
5031,,"Bioflax","Bioflax","omega3,omega6&omega-9 softgel capsules","3mg+6mg+9mg","10 Capsule","iosans Lifecare",""
5032,,"VONALONG 10","VONALONG 10","Vonoprazan Tablets 10 mg","10 mg","10 Tablets","Mankind",""
5033,,"C-PRG-PG","C-PRG-PG","Polyethylene Glycol ,Sodium Bicarbonate & Potassium Chloride","200 ml","1 syrup","C-U Card",""
5034,,"XYCOVIT GOLD  XYCOVIT GOLD","XYCOVIT GOLD  XYCOVIT GOLD","Omega 3 Fatty acid Eicosapentaenoic Acid,Docosahexaenoic Acid,Alpha Lipoic Acid Vitamins ,Betacarotene ,Zinc ,Selenium & Chromium Softgel Capsules","","","",""
5035,,"LYKOLIK SYRUP  LYKOLIK SYRUP","LYKOLIK SYRUP  LYKOLIK SYRUP","Lycopene,Multivitamin,Multimineral & Antioxidants syrup","","","Nuliek Heathcare",""
5036,,"ORKOVITA GOLD  ORKOVITA GOLD","ORKOVITA GOLD  ORKOVITA GOLD","Softgel capsules of Ginseng,Green Tea Extract, Grape seed Extract,Ginkgo Biloba,Omega -3 Fatty Acid, Antioxidants,Vitamins,Minerals,Trace Elements & Essential Amino Acid","","","ORKO Pharmaceuticals private lLimited",""
5037,,"Biodil P","Biodil P","Tramadol Hydrochloride & Paracetamol Tablets","37.5mg+325mg","10 Tablets","Iosons Lifecare",""
5038,,"Z-Pod - CV","Z-Pod-CV","Cefpodoxime & Potassium Clavulanate Oral Suspension","","1 syrup","Arvincare",""
5039,,"Z- Pod 100","Z-Pod 100","Cefpodoxime Oral Suspension IP","100 mg","1 syrup","Arvincare",""
5040,,"Bilanac-M","Bilanac -M","Bilastine & Montelukast Suspension","10 mg+4mg","1 syrup","Arvincare",""
5041,,"BP-Tem-AM","BP-Tem-AM","Telmisartan &Amlodipine Tablets IP","40mg+5mg","10 Tablets","Meridus Pharmaceuticals",""
5042,,"IBSOL","IBSOL","Chlordiazepoxide & Clidinium Bromide Tablets","5mg+2.5mg","10 Tablets","Meridus Pharmaceuticals",""
5043,,"CONTIZOLE-100 CONTIZOLE-100","CONTIZOLE-100 CONTIZOLE-100","Itraconazole Capsules","100 mg","10 Capsules","meridus Pharmaceuticals",""
5044,,"Defsu-6","Defsu-6","Deflazacort Tablets","6 mg","10 Tablets","Arvincare",""
5045,,"PPIDOM","PPIDOM","Panttoprazole & Domperidone Tablets","40+ 10 mg","10 Tablets","Meron Healthcare",""
5046,,"Meta D","Meta D","Drotaverine HCL & Mefenamic Acid Tablets","80 mg+250mg","10 Tablets","Arvincare",""
5047,,"Bolvo -P","Bolvo-P","Diclofenac Diethylamine,Linseed oil,Methyl Salicylate & Menthol Gel","","1 Gel","Arvincare",""
5048,,"SUCOOLFATE","SUCOOLFATE SUSPENSION","Sucralfate & Oxetacaine Suspension","1000mg+20mg","1 syrup","meridus Pharmaceuticals",""
5049,,"Codil-LS Juniour  Codil-LS Juniour","Codil-LS Juniour  Codil-LS Juniour","Levosalbutamol,Ambroxol Hydrochloride & Guaiphenesin syrup  Levosalbutamol,Ambroxol Hydrochloride& Guaiphenesin syrup","0.5mg+15mg+50mg","1 syrup","Arvincare",""
5050,,"ULTICOOL RAFT  ULTICOOL RAFT","ULTICOOL RAFT  ULTICOOL RAFT","Sodium Alginate,Sodium Bicarbonate& Calcium Carbonate oral Suspension Sodium Alginate, Sodium Bicarbonate & Calcium Carbonate oral sus","250mg+133.5mg+80mg","1 syrup","meridus Pharmaceuticals",""
5051,,"OFY-MS","OFY-MS","Ofloxacin Metronidazole&Simethicone oral suspension","130+50mg","1 syrup","OASIS Biotech",""
5052,,"OAXIME-CV","OAXIME-CV","Cefpodoxime Proxetil & Potassium Clavulanate Oral Sus","50mg+31.25mg  syrup","1 syrup","SOFT TOUCH PHARMACEUTICALS",""
5053,,"Adiphylin 400      Adiphylin 400","Adiphylin 400      Adiphylin 400","Doxofyline Tablets IP 400 mg","400 mg","10 Tablets","Iosons Lifecare",""
5054,,"TESRAN-H","TESRAN-H","Telmisartan& Hydrochlorothiazide Tablets IP","40Mg+12.5mg","10 Tablets","Arvincare",""
5055,,"Defsu-12","Defsu-12","Deflazacort Tablets","12 mg","10 Tablets","Arvincare",""
5056,,"Zaltine-ML","Zaltine -ML","Bilastine & Montelukast  Tablets","20mg+10mg","10 Tablets","Arvincare",""
5057,,"HYBET-16","HYBET -16","Bethahistne Hydrochloride Tablets IP 16 mg","16mg","10 Tablets","Arvincare",""
5058,,"ATHI--5","ATHI-5","Norethisterone Tablets IP","5mg","10 Tablets","Arvincare",""
5059,,"ORKOMYNTH-NT    ORKOMYNTH-NT","ORKOMYNTH-NT    ORKOMYNTH-NT","Pregabalin,Methylcobalamin & Nortriptyline Tablets","75mg+1500mg","10 Tablets","ORKO Pharmaceuticals private lLimited",""
5060,,"ARVIFEX-120","ARVIFEX-120","Fexofenadine Hydrochloride Tablets IP 120 mg","120mg","10 Tablets","Arvincare",""
5061,,"TESRAN-AM","TESRAN -AM","Telmisartan &Amlodipine Tablets IP","40mg+5mg","10 Tablets","Arvincare",""
5062,,"Redrip","Redrip","Trypsin Chymotrypsin Tablets","","10 Tablets","Iosons Lifecare",""
5063,,"LULIFAR LOTION   LULIFAR LOTION","LULIFAR LOTION   LULIFAR LOTION","Luliconazole Lotion 1% W/ V","IP 100%W/V","1 Lotion","Farlex Pharmaceuticals",""
5064,,"Resumeg -F","Resumeg-F","Rosuvastatin & fenofibrate Tablets IP","170MG","10 Tablets","Iosons Lifecare",""
5065,,"HYBET 24","HYBET 24","Betahistine Hydrochloride Tablets IP 24 mg","24mg","10 Tablets","Arvincare",""
5066,,"OALOSA-A","OALOSA-A","Losartan  Potassium & Amlodipine Besilate Tablets I.P","50mg+5mg","10 Tablets","OASIS Biotech",""
5067,,"JIOMIST-AZ","JIOMIST-AZ","Azelastine Hydrochloride&Fluticasone Propionate","140mg+50mg","1 spray","Farlex Pharmaceuticals",""
5068,,"SOWORM-I","SOWORM -I","Albendazole & Ivermectin Chewable Tablets","400mg+6mg","1 Tablet","SOFT TOUCH PHARMACEUTICALS",""
5069,,"Lilican cream","Lilican cream","Luliconazole Cream IP 1.0% w/w","1.0% w/w","1 Cream","Arvincare",""
5070,,"Coxitan gel","Coxitan gel","","1.6%w/w","1 Gel","Farlex Pharmaceuticals",""
5071,,"LAMI-750","LAMI-750","Levofloxacin Tablets IP 750 mg","750mg","10 Tablets","Iosons Lifecare",""
5072,,"M-Cob-75","M-Cob-75","Pregabalin&Methylcobalamin Capsules IP","75mg+750mcg","10 Tablets","Iosons Lifecare",""
5073,,"DXL","DXL","Doxycycline with Lactic Acid Bacillus Capsules","100mg","10 Capsules","Iosons Lifecare",""
5074,,"GUTLACSPORE   GUTLACSPORE","GUTLACSPORE   GUTLACSPORE","Bacillus Clausii Spores Suspension","2x10","10 Suspension","Iosons Lifecare",""
5075,,"GEOLIV","GEOLIV","Glutathione,lecithin,Silymarin,Andrographis Capsules","250+","10 Capsules","Meron Healthcare",""
5076,,"RUGBY-DSR      RUGBY-DSR","RUGBY-DSR      RUGBY-DSR","","20MG+30MG      Capsules","10 Capsules","Iosons Lifecare",""
5077,,"BIOSOLIV-300     BIOSOLIV -300","BIOSOLIV-300     BIOSOLIV -300","Ursodeoxycholic Acid Tablets IP","300 mg","10 Tablets","Iosons Lifecare",""
5078,,"PODLEX-CV","PODLEX-CV","","200mg+125mg","6 Tablets","Farlex Pharmaceyticals",""
5079,,"BROMEFLAM","BROMEFLAM","Trypsin, Bromeldin &Rutoside Tablets","280mg+96mg","10 Tablets","ORKO Pharmaceuticals private lLimited",""
5080,,"Oflomind-OZ","Oflomind-OZ","Ofloxacin&Ornidazole Tablets IP","","10 Tablets","Medimind",""
5081,,"STP","STP","Acelofenac& Paracetamol Tablets","100mg+325mg","10 Tablets","Soft Touch Pharmaceuticals",""
5082,,"Moxicilin cv-625  Moxcilin CV-625","Moxicilin cv-625  Moxcilin CV-625","Amoxycillin & Potassium Clavulanate Tablets IP","","10 Tablets","Meridus Pharmaceuticals",""
5083,,"TRANBIX-MF","TRANBIX-MF","Tranexamic Acid & Mefenamic Acid Tablets","","10 Tablets","BIOBRICK PHARMA",""
5084,,"Q-Bio Forte","Q-Bio-Forte","","90mg+160mg","10 Capsules","Iosons Lifecare",""
5085,,"Lumiton -500","Lumiton-500","Cefuroxime Axetil Tablets I.P.","500mg","10 Tablets","BIOBRICK PHARMA",""
5086,,"Calcipure K2","Calcipure K2","Calcitriol , Calcium& Vitamin K27 Soft Gelatin Capsules","625+250mg","10 Capsules","IOSONS Lifecare",""
5087,,"Z-POD-CV 325","Z-POD-CV 325","Cefpodoxime Proxetil & Potassium Clavulanate Tablets","200mg+125mg","10 Tablets","Arvincare",""
5088,,"STCEF-DX","STCEF-DX","Cefixime & Dicloxacillin Sodium [Modified Release] Tablets","200mg+500mg","10 Tablets","Soft Touch Pharmaceuticals",""
5089,,"Locet-SP","Locet-SP","Aceclofenac,Paracetamol&Serratiopeptidase Tablets","100mg+325mg","10 Tablets","Arvincare",""
5090,,"GEOVEN","GEOVEN","Terbutaline,choline Theophyllinate& Ambroxol Syrup","100mg+50mg","1 Syrup","Meron Healthcare",""
5091,,"IOM ET-G1","IOMET-G1","Glimeperide &Metformin Hydrochloride [PR] Tablets IP","500mg","1 Syrup","Arvincare",""
5092,,"IOMET-G2","IOMET-G2","Metformin Hydrochloride Prolonged Release&Glimepiride Tablets IP    Metformin Hydrochloride Prolonged Release&Glimepiride Tablets IP","500mg","10 Tablets","Arvincare",""
5093,,"CEBROF","CEBROF","ACebrophyline 100 mg Capsules","100 mg","10 Capsules","Arvincare",""
5094,,"LZD-600","LZD-600","Linezolid Tablets IP","600mg","10Tablets","",""
5095,,"OUSE","OUSE","","20mg","10 Tablets","Arvincare",""
5096,,"IPRACEL-L","IPRACEL -L","Levosalbutamol and Ipratropium Bromide Solution","0.63mg+500mcg     Respules","6 Respules","Arvincare",""
5097,,"AV-BUD-0.5","AV-BUD-0.5","","0.5mg","5 Respules","Arvincare",""
5098,,"FYLY 4OO","FYLY-400","Doxofyline Tablets IP 400 mg","400mg","10 Tablets","Arvincare",""
5099,,"URI-FLOW","URI-FLOW","Disodium Hydrogen Citrate Syrup","1.38gm","1 Syrup","Oasis biotech",""
5100,,"OACID-OA","OACID-OA","Megaldrate,Simethicone & Oxetacaine Oral Suspension","400mg+30mg","1 Syrup","Oasis biotech",""
5101,,"OAZYME","OAZYME","Fungal Diastase &Pepsin Syrup","50mg+10mg","1 Syrup","Oasis biotech",""
5102,,"Irn-Cure-XT","Irn-Cure-XT","Ferrous Ascorbate & Folic Acid Suspension IP","30mg+550mcg","1 Syrup","CIS LIFECARE",""
5103,,"OALIV","OALIV","Cyproheptadine HCL,Tricholine Citrate & Sorbital Syrup","3.575gm","1 Syrup","Oasis biotech",""
5104,,"Lyvit","Lyvit","Lycopene,Multivitamin&Multimineral Suspension","500mcg","1 Syrup","Oasis biotech",""
5105,,"Avclav Duo","Avclav Duo","Amoxycillin & Potassium Clavulanate Oral Suspension I.P","400mg","1 Suspension","Arvincare",""
5106,,"Avclav","Avclav","Amoxycillin & Potassium Clavulanate Oral Suspension I.P","200mg","1 Suspension","Arvincare",""
5107,,"AFEXDAY","AFEXDAY","Fexofenadine HCL Suspension","30mg","1 Suspension","Meridus Pharmaceuticals",""
5108,,"CARELAC","CARELAC","Lactulose Solution I.P.","10 gm","1 Syrup","Arvincare",""
5109,,"STCOF-L","STCOF-L","Levosalbutamol,Ambroxol Hydrochloride&Guaiphenesin Expectorant   Levosalbutamol,Ambroxol Hydrochloride&Guaiphenesin Expectorant","1mg+80mg","1 Syrup","STP",""
5110,,"Geolax","Geolax","Isabgol Husk with Senna","100gm","1HUSK","",""
5111,,"Ivozen-Plus","Ivozen-Plus","Albendazole &Ivermectin Oral Suspension","200mg+3mg","1 Suspension","ZENEXA HEALTHCARE",""
5112,,"Iomet-VG1","Iomet-VG1","Glimepiride,Voglibose& Metformin Hydrochloride (Sustained Release) Tablets Glimepiride, Voglibose& Metformin Hydrochloride Tablets","500mg","10 Tablets","Arvincare",""
5113,,"Iomet-VG2","Iomet-VG2","Glimepiride,Voglibose&Metformin Hydrochloride Tablets","500mg","10 Tablets","Arvincare",""
5114,,"PRECAP-MT","PRECAP-MT","Pregabalin,Nortriptyline HCL&Methylcobalamin Tablets","75+10mg","10 Tablets","Arvincare",""
5115,,"Afexday-M","Afexday-M","Montelukast&Fexofenadine Tablets","10mg+120mg","10 Tablets","Meridus Pharmaceuticals",""
5116,,"CM-D3","CM-D3","Calcium Citrate Maleate, Cholecalciferol& Folic Acid Tablets","250+50mcg","15 Tablets","Foregen Healthcare LTD",""
5117,,"ESOBRACE D","ESOBRACE D","Esomeprazole & Domperidone Capsule","40mg+30mg","10 Capsules","Rebrace Pharmaceuticals",""
5118,,"LISTAT-10","LISTAT-10","Rosuvastatin Tablets I.P.","10mg","10 Tablets","BARODA PHARMA PVT.LTD",""
5119,,"HALPAN-DSR     HALPAN-DSR","HALPAN-DSR     HALPAN-DSR","Pantoprazole Gastro-Resistant & Domperidone Capsules IP    Pantoprazole Gastro-Resistant & Domperidone Capsules IP","40mg+30mg","10 Capsules","BIOBRICK PHARMA",""
5120,,"Heparace","Heparace","Glutathione,Silymarin,Amino Acids,Vitamins with Minerals Tablets  Glutathione,Silymarin,Amino Acids, Vitamins with Minerals Tablet","","10 Tablets","REBRACE PHARMACEUTICALS",""
5121,,"FULLAGE 40","FULLAGE 40","","","10 Capsules","Arvincare",""
5122,,"Palmimore","Palmimore","Palmitoylethanolamide,Alpha-lipoic acid&Cucumis melo Extract Tablets  Pamitoylethanolamide,Alpha-lipoic acid& Cucumis melo Extract Tablets","300mg","10 Tablets","STORK BIOPHARMA",""
5123,,"ZIMVIT FORTE","ZIMVIT FORCE","Omega3 Fatty Acid,VitD3,lycopene,Biotin,Vitamin C,Zinc,FolicAcid,Multivitamins& Multiminerals Tablets","100mg+10mg","15 Tablets","Meridus Pharmaceuticals",""
5124,,"GLYCODAP-10","GLYCODAP-10","Dapagliflozin Tablet 10 mg","10mg","10 Tablets","BARODA PHARMA PVT.LTD",""
5125,,"Ambact","Ambact","Pre & Probiotic Capsules","5mg","10 Capsules","AMAGEN PHARMA",""
5126,,"Afexday-120","Afexday-120","Fexofenadine Tablets IP","120mg","10 Tablets","Meridus Pharmaceuticals",""
5127,,"Febusudin-40","Febusudin 40","Febuxostat Tablets 40mg","40mg","10 Tablets","AMAGEN PHARMA",""
5128,,"Oruf-500","Oruf-500","Cefuroxime Axetil Tablets IP","500mg","10 Tablets","Arvincare",""
5129,,"Goldclav-LB 625   Goldclav-LB 625","Goldclav-LB 625   Goldclav-LB 625","Amoxycillin,Potassium Clavulanate&Lactic Acid Bacillus Tab","500mg+125mg","10 Tablets","Foregen Healthcare LTD",""
5130,,"Methiboost-Tdon    Methiboost-Tdon","Methiboost-Tdon    Methiboost-Tdon","Chondroitin Sulphate,collagen Peptide Type 1,Sodium Hyaluronate,Vitamin C& Vitamin D3 Tablets","500mg+70mg","15 Tablets","Meridus Pharmaceuticals",""
5131,,"Galactus","Galactus","Silymarin& Choline Bitartrate Tablets","140mg+450mg","10 Tablets","BARODA PHARMA PVT.LTD",""
5132,,"Forpan-40","Forpan-40","Pantoprazole gastro-resistant tablets IP 40mg","40mg","15 Tablets","Foregen Healthcare LTD",""
5133,,"Febusudin-80","Febusudin-80","Febuxostat Tablets 80mg","80mg","10 Tablets","AMAGEN PHARMA",""
5134,,"PILOHENZ","PILOHENZ","Rutin,Horse Chestnut,Hespiridin,Glycyrrhiza Glabra,Centella Asiatica,Curcumin Complex (Nanocurcumin)","300mg+200mg","10 Tablets","REBRACE PHARMACEUTICALS",""
5135,,"LAZOC-6","LAZOC-6","Deflazacort Tablets","6mg","10 Tablets","Iosons Lifecare",""
5136,,"Ambilast-M","Ambilast-M","Bilastine& Montelukast Tablets","20mg+10mg","10 Tablets","ANGEL BIOTECH",""
5137,,"Baroliv XP","Baroliv XP","","140mg+450mg","10 Tablets","BARODA PHARMA PVT.LTD",""
5138,,"Milopin 5","Milopin 5","Amlodipine Besylate Tablets IP","5mg","10 Tablets","BARODA PHARMA PVT.LTD",""
5139,,"Baroxime-200","Baroxime -200","Cefpodoxime Proxetil Tablets IP","200mg","10 Tablets","BIOBRICK PHARMA",""
5140,,"Lansomart15","Lansomart 15 Juniour","Lanzoprazole Oraly Disintigrating Tablets","15mg","10 Tablets","Farlex Pharmaceuticals",""
5141,,"MYSCOM-LC       MYSCOM-LC","MYSCOM-LC       MYSCOM-LC","L-Carnitine L-Tartrate,Methylcobalamin&Folic Acid Tablets","500mg+1500mg   Tablets","10 Tablets","Scazon Healthcare",""
5142,,"Baroxime-CV","Baroxime-CV","Cefpodoxime Proxetil &Potassium Clavulanate Tablets","200mg+125mg","10 Tablets","BARODA PHARMA",""
5143,,"Nokicef-CV","Nokicef-CV","Cefixime&Potassium Clavulanate Tablets","200mg+125mg","6 Tablets","Foregen Healthcare LTD",""
5144,,"Pragmint-N","Pragmint-N","Pregabalin,Nortriptyline Hydrochloride&Methylcobalamin Tablets","75mg+10mg","10 Tablets","Biobrick PHARMA",""
5145,,"B-STOP-300","B-STOP-300","Clindamycin Capsules IP 300 mg","300mg","10 Capsules","Iosons Lifecare",""
5146,,"Levotiz-A","Levotiz-A","","5mg+10mg+75    Tablets","10 Tablets","Foregen Healthcare LTD",""
5147,,"Lansojoy-30","Lansojoy-30","Lansoprazole Orally Disintegrating Tablets","30mg","10 Tablets","Foregen Healthcare Ltd",""
5148,,"Bikoliv-150","Bikoliv-150","Ursodeoxycholic Acid Tablets I.P. 150mg","150mg","10 Tablets","Biobrick PHARMA",""
5149,,"XANTHALIN-N    XANTHALIN-N","XANTHALIN-N    XANTHALIN-N","Acebrophylline&Acetylcysteine Tablets","100mg+600mg","10 Tablets","Medimind",""
5150,,"Primogen -E        Primogen-E","Primogen -E        Primogen-E","","500mg+30mg    Capsule","15 Capsules","AMAGEN PHARMA",""
5151,,"Bikoliv-300","Bikoliv-300","Ursodeoxycholic Acid Tablets I.P. 300mg","300mg","10 Tablets","BIOBRICK PHARMA",""
5152,,"YEFA-400","YEFA-400","Rifaximin Tablets IP 400 mg","400mg","10 Tablets","iosons Lifecare",""
5153,,"BAROZYME","BAROZYME","Pancreatin,Bile Constituents&Activated Dimethicone Tablets","192mg+65mg","10 Tablets","BARODA PHARMA PVT.LTD",""
5154,,"Cefumax-CV","Cefumax-CV","Cefuroxime Axetil& Potassium Clavulanate Tablets IP","500mg+125mg","6 Tablets","Iosons Lifecare",""
5155,,"CEFUMAX-500","CEFUMAX-500","Cefuroxime Axetil Tablets IP","500mg","10 Tablets","Iosons Lifecare",""
5156,,"Cefumax-250       Cefumax-250","Cefumax-250       Cefumax-250","Cefuroxime Axetil Tablets IP","250mg","10 Tablets","Iosons Lifecare",""
5157,,"OALOSA-A","OALOSA-A","Losartan Potassium& Amlodipine Besilate Tablets I.P.","50mg+5mg","10 Tabletds","OASIS Biotech",""
5158,,"TELMIN-40","TELMIN-40","Telmisartan Tablets IP 40 mg","40mg","10Tablets","BARODA PHARMA PVT.LTD",""
5159,,"Telmin-c","Telmin-c","Telmisartan &Clinidipine Tablets","10mg+40mg","10 Tablets","BARODA PHARMA PVT.LTD",""
5160,,"TELMIN-H","TELMIN-H","Telmisartan and Hydrochlorothiazide Tablets IP","40mg+12.5mg","10 Tablets","BARODA PHARMA PVT.LTD",""
5161,,"TELMIN-AM","TELMIN-AM","Telmisartan &Amlodipine Besylate Tablets IP","40mg+5mg","10 Tablets","BARODA PHARMA",""
5162,,"Goldcid-Fast","Goldcid-Fast","","250mg+80mg      Syrup","1 Syrup","Foregen Healthcare LTD",""
5163,,"Celocid","Celocid","Magaldrate& Activated Dimethicone oral Suspension U.S.P","480mg+25mg","1 Syrup","Biobrick PHARMA",""
5164,,"OH-D3","OH-D3","Calcium Phosphorus,Zinc,Magnesium& Vitamin D3 Suspen","200mg+150mg","1 Syrup","Indoco Remedies Limited",""
5165,,"ALKAX","ALKAX","Disodium Hydrogen Citrate Oral Solution","1.4gm","1 Syrup","STORK BIOPHARMA",""
5166,,"Vitwin-L(KID)","Vitwin-L(KID)","Lycopene,L-Lysine cyanocobalamin Multivitamin,& Multimineral, Suspension","1500mg+100mg","1 Syrup","Biobrick PHARMA",""
5167,,"Laxocare plus","Laxocare Plus","Sodium Picosulfate,Milk of Liquid Paraffin oral suspension","3.33mg+3.75ml    Syrup","1 Syrup","BARODA PHARMA PVT.LTD",""
5168,,"NEFOCID","NEFOCID","A Herbal Treatment For Hyper Acidity","800mg+200mg","1 Syrup","Meron Healthcare",""
5169,,"Myoxi","Myoxi","B-Complex c L-Lysine HCL Syrup","","1Syrup","OASIS biotech",""
5170,,"Storkzyme","Storkzyme","","","1 Syrup","STORK BIOPHARMA",""
5171,,"Fitron-BL","Fitron-BL","L-Glutamic Acid,L-Lysine&Vitamins Syrup","","1 Syrup","Meron Healthcare",""
5172,,"Barovit Active","Barovit Active","Multivitamin,Multimineral Syrup with Omega3& L-Lysine Hydrochloride","","1 Syrup","BARODA PHARMA PVT.LTD",""
5173,,"ENDOCOOL","ENDOCOOL","Sucralfate with Oxetacaine Suspension","1gm+20mg","1 Syrup","BARODA PHARMA PVT.LTD",""
5174,,"Baroliv","Baroliv","Silymarin,L-Ornithine L-Aspartate,Tricholine Citrate&Multivitamins Suspension","200ml","1 Syrup","BARODA PHARMA PVT.LTD",""
5175,,"ORKORAB DSR   ORKORAB DSR","ORKORAB DSR   ORKORAB DSR","","20mg+30mg","10 Tablets","ORKO Pharmaceuticals",""
5176,,"Nuzolide-600","Nuzolide-600","Linezolid Tablets IP 600mg","600mg","10 Tablets","ANGEL BIOTECH",""
5177,,"Droton-M","Droton-M","Drotaverine Hydrochloride&Mefenamic Acid Tablets","250mg+80mg      Syrup","10 Tablets","Biobrick PHARMA",""
5178,,"LEMOCIT-M","LEMOCIT-M","Levocetrizine Dihydrochloride &Montelukast Sodium tablet IP    Levocetrizine Dihydrochloride&Montelukast Sodium Tablets IP","5mg+10mg","10 Tablets","Biobrick PHARMA",""
5179,,"Acyton-P","Acyton-P","Aceclofenac&Paracetamol Tablets IP","100mg+325mg","10 Tablets","Biobrick PHARMA",""
5180,,"CALCIPURE-60K    CALCIPURE-60K","CALCIPURE-60K    CALCIPURE-60K","Cholecalciferol 60000 IU Soft gelatin Capsules","60000IU","4 capsules","Iosons Lifecare",""
5181,,"Oaxime-100","Oaxime-100","Cefpodoxime Proxetil Dispersible Tablets","100mg","10 Tablet","OASIS Biotech",""
5182,,"OAXIME-200","OAXIME-200","Cefpodoxime Proxetil  Tablets I.P","200mg","10 Tablet","OASIS biotech",""
5183,,"FERODUST","FERODUST","Ferrous Bisglycinate,Zinc Bisglycinate, Folic Acid,Mecobalamin Tablets","60mg","10 Tablet","Meron Healthcare",""
5184,,"Broside-D","Broside -D","Trypsin,Bromelin,Rutoside Trihydrate& Diclofenac sodium tablets","48mg+50mg","10 Tablet","Iosons Lifecare",""
5185,,"ACT-Q10","ACT-Q10","","","10 Tablets","Biobrick PHARMA",""
5186,,"EITCO-PR","EITCO-PR","Citicone &Piracetam Tablets","500mg+800mg","10 Tablets","iosons Lifecare",""
5187,,"Calci Pure-XT    Calci-Pure-XT","Calci Pure-XT    Calci-Pure-XT","","500mg","10 Capsules","Iosons Lifecare",""
5188,,"HOSTE-Z","HOSTE-Z","Pre&Probiotics,Methylcobalamin,Vitamin&Minerals Sachet","","5 Sachet","Meron Healthcare",""
5189,,"HOSTE-CT","HOSTE-CT","Colostrum,Tinosporin,Pre&Probiotic Sachets","","5Sachet","Meron Healthcare",""
5190,,"Myoxi drop","Myoxi drop","Multivitamin with Vitamind3,Zinc& L-Lysine","40mg","1 Drop","OASIS biotech",""
5191,,"ACYTON-PLUS  ACYTON-PLUS","ACYTON-PLUS  ACYTON-PLUS","Ibuprofen&Paracetamol Suspension","100mg","1 Suspension","Biobrick PHARMA",""
5192,,"LEVOTIZ-AG","LEVOTIZ-AG","","50mg","1 Syrup","Foregen Healthcare LTD",""
5193,,"BRACEPRO HEPA      BRACEPRO HEPA","BRACEPRO HEPA      BRACEPRO HEPA","Whey protein,Leucine,Isoleucine and Valine Sachet","","1 Sachet","REBRACE PHARMACEUTICALS",""
5194,,"TENDOHARD    TENDOHARD","TENDOHARD    TENDOHARD","","200mg+35mg       Capsule","10 Capsules","ORKO Pharmaceuticals",""
5195,,"Amobik-CV","Amobik-CV","Amoxycillin& Potassium Clavulanate Oral Suspension","200mg+28.5mg","1 Syrup","Biobrick PHARMA",""
5196,,"OACEF-DS","OACEF-DS","Cefixime Oral Suspension I.P.","100mg","1 Suspension","STORK BIOPHARMA",""
5197,,"Oakast-L","Oakast-L","Montelukast Sodium& Levocetrizine Dihydrochloride Syrup     Montelukast & Levocetrizine Dihydrochloride Syrup","4mg+2.5mg","1 Syrup","OASIS biotech",""
5198,,"BAROHIST-AC  BAROHIST-AC","BAROHIST-AC  BAROHIST-AC","Phenylephrine Hydrochloride&chlorpheniramine Maleate Syrup IP  Phenylephrine Hydrochloride&chlorpheniramine Maleate Syrup IP","5mg+2mg","1 Syrup","BARODA PHARMA PVT.LTD",""
5199,,"Cefobik-CV","Cefobik-CV","Cefpodoxime& Potassium Clavulanate Oral Suspension","50mg","1 Syrup","Biobrick PHARMA",""
5200,,"Hoste-Kid","Hoste Kid","Bacillus clausii Spores Suspension","","12 Suspension","Meron Healthcare",""
5201,,"OACEF","OACEF","Cefixime Oral Suspension I.P.","50mg","1 Suspension","OASIS biotech",""
5202,,"ORUF","ORUF","Cefuroxime Axetil for Oral Suspension USP","125mg","1 Suspension","Arvincare",""
5203,,"Heptadas-CT","Heptadas-CT","Cyproheptadine HCL,Tricholine Citrate&Sorbital Syrup","2mg+275mg","1 Syrup","Medimind",""
5204,,"NUROKIND","NUROKIND","Mecobalamin,Vitamins& Minerals Syrup","500mcg+40mcg","1 Syrup","NEO MANKIND",""
5205,,"Hoste-Z","Hoste-Z","","","10 Capsules","Meron Healthcare",""
5206,,"Reswas","Reswas","Levodropropizine&chlorpheniramine Maleate Syrup","30mg","1 Syrup","",""
5207,,"Xyzal M","Xyzal M","Levocetrizine Dihydrochloride & Montelukast Sodium Suspension","2.5mg+4mg","1 Syrup","Dr. Reddy's Laboratories Ltd",""
5208,,"Monit30-SR","Monit30-SR","","30mg","15 Tablets","INTAS PHARMACEUTICALS LTD",""
5209,,"Atchol-10","Atchol-10","Atorvastatin Tablets IP 10 mg","10mg","15 Tablets","ARISTO Pharmaceuticals",""
5210,,"ROZAT-F","ROZAT-F","Rosuvastatin and Fenofibrate Tablets IP 10mg/160mg","10mg+160mg","10 Tablets","Dr. Reddy's Laboratories Ltd",""
5211,,"Atchol-F","Atchol-F","Atorvastatin and Fenofibrate Tablets IP10/160mg","10mg+160mg","10 Tablets","ARISTO Pharmaceuticals",""
5212,,"Vocid 20","Vocid 20","Vonoprazan Tablets 20mg","20mg","10 Tablets","Zydus",""
5213,,"Apresol","Apresol","Hydrated Di-Hydralazine Sulphate 25mg Tablets","25mg","10 Tablets","Ordain Health Care Global",""
5214,,"ARKAMIN","ARKAMIN","Clonidine Tablets I.P","100mcg","30 Tablets","Torrent Pharma",""
5215,,"Esofag-D","Esofag-D","Esomeprazole Entric-Coated &Domperidone Sustained-Realease Capsule","","15 Capsule","Alteus",""
5216,,"Pramipex 0.125","Pramipex 0.125","Pramipexole Dihydrochloride Tablets","0.125mg","10 Tablets","Sun Pharma Laboratories",""
5217,,"ARNISAC 50","ARNISAC 50","SACUBITRIL/VALSARTAN TABLETS","24mg+26mg","10 Tablets","Mankind",""
5218,,"CARNISURE-500 CARNISURE-500","CARNISURE-500 CARNISURE-500","Levocarnitine Tablets I.P.","500mg","10 Tablets","Torrent Pharma",""
5219,,"M-COB-BL","M-COB-BL","Alpha-Lipoic Acid with Multivitamin & Multi Mineral Capsule     Alpha Lipoic Acid with Multivitamin & Multi Mineral Capsule","","10 Capsules","Iosons Lifecare",""
5220,,"Silofast D 8","Silofast D 8","Silodosin and Dutasteride Capsules","8mg+0.5mg","10  Capsules","CIPLA LTD",""
5221,,"FI NATE 160","FINATE 160","Fenofibrate Tablets I.P. 160mg","160mg","10 Tablets","FRANCO-INDIAN PHARMACEUTICAL PVT.LTD",""
5222,,"VSL#3","VSL#3","Live Freeze-Dried Lactic Acid Bacteria and Bifidobacteria Capsules","0.850mg","10 Capsules","",""
5223,,"LIPIKIND-AS","LIPIKIND-AS","Aspirin Gastro-resistant and Atorvastatin Capsules IP","75mg","10 Capsules","MANKIND PHARMA LTD",""
5224,,"Genfer XT","Genfer XT","Ferrous Ascobate,Folic Acid, Methylcobalamin & Zinc Sulphate Tablets","100mg","10 Tablets","AMAGEN INDIA",""
5225,,"Macsart CL","Macsart CL","Telmisartan and Cilnidipine Tablets","40mg+10mg","10 Tablets","Macleous Pharmaceuticals Ltd",""
5226,,"Dobesit","Dobesit","Calcium Dobesilate Monohydrate Capsules","500mg","","",""
5227,,"Femarelle 40+","Femarelle 40+","Fermented soya extract , flaxseed vitamin B2 and Biotion","322+50+1+100+mg","15 Capsules","SVIZERA Healthcare",""
5228,,"Acotop ER","Acotop ER","Acotiamide Hydrochloride Hydrate ER Tablets 300mg","300mg","10 Tablets","Hetero Labs LTD",""
5229,,"Folitrax 15","Folitrax 15","Methotrexate Tablets IP 15mg","15mg","10 Tablets","IPCA Laboratories",""
5230,,"Neeri","Neeri","Burning MIcturition, Urinary Tract Infections, Poor Renal Functions, Dysuria (does not have a conventional chemical generic name)","","30 Tablets","AIMIL Pharmaceuticals India LTD",""
5231,,"Citapure Forte","Citapure Forte","Escitalopraam and clonazepam tablets","10+0.5mg","10 tablets","A.N.Pharmacia Laboratories(P)Ltd",""
5232,,"Vono 20","Vono 20","Vonoprazan Tablets","20mg","10 tablets","Doctor Reddy's",""
5233,,"Somnos 3","Somnos 3","Melatonin Tablets","3mg","10 Tablets","PharmaCia",""
5234,,"Altonil Plus 3","Altonil Plus 3","Melatonin 3mg and Clonazepam 0.50mg","3+0.50mg","15 Tablets","Alteul Remedies Pvt. LTD",""
5235,,"Altonil 3","Altonil 3","Melatonin Tablets","3mg","15 Tablets","Alteul Remedies Pvt. LTD",""
5236,,"Rosumac40","Rosumac40","Rosuvastatin Tablets","40mg","10 Tablets","Macleods",""
5237,,"Femarelle 50+","Femarelle 50+","Fermanted Soya exract, Flaxseed and Vitamine B6","322mg+108mg+1mg","60 Capsules","SVIZERA Healthcare",""
5238,,"Oxemia 50","Oxemia 50","Desidustat Tablets","50mg","6 Tablets","Zydus",""
5239,,"Cilapam Fl","Cilapam Fl","Flupenthixol and Melitracen Tablets","0.5+10mg","15 Tablets","Alteul Remedies Pvt. LTD",""
5240,,"Folitrax 10","Folitrax 10","Methotrexate Tablets IP 10mg","10mg","5 Tablets","IPCA Laboratories LTD",""
5241,,"Finehart","Finehart","Atorvastatin Calciun and Fenofibrate Tablets","10+200mg","10 Tablets","Franco Indian Remedies Pvt Ltd",""
5242,,"HCQS-200","HCQS-200","Hydroxychloroquine Tablets IP 200mg","200mg","15 Tablets","IPCA Laboratories LTD",""
5243,,"Lefno 10","Lefno 10","Leflunomide Tablets","10 mg","10 Tablets","IPCA Laboratories LTD",""
5244,,"EUREPA-1","EUREPA-1","Repaglinide Tablets IP","1mg","15 Tablets","Torrent Pharmaceuticals",""
5245,,"Deplatt","Deplatt","Clopidogrel Tablets","75mg","15 Tablets","Torrent Pharma",""
5246,,"Cordarone X","Cordarone X","Amiodarone Tablets","200mg","15 Tablets","Sanofi",""
5247,,"EUREPA-2","EUREPA-2","Repaglinide Tablets IP","2mg","15 Tablets","Torrent Pharma",""
5248,,"Brisfer XT","Brisfer XT","Ferrousascorbate , Folic acid and Zinc Soft gelatin capsules","100+1.5+22.5mg","10 Capsules","Biobrick Pharma",""
5249,,"EUREPA-0.5","EUREPA-0.5","Repaglinide Tablets IP","0.5mg","15 Tablets","Torrent Pharma",""
5250,,"UNIAZ 8","UNIAZ 8","Azelnidipine Tablets IP 8mg","8mg","10 Tablets","Torrent Pharma",""
5251,,"Mirago 50","Mirago 50","Mirabegron Extended Release Tablets","50mg","10 Tablets","Msn Laboratories Pvt Ltd",""
5252,,"UNIAZ 16","UNIAZ 16","Azelnidipine Tablets IP 16mg","16mg","10 Tablets","Torrent Pharma",""
5253,,"Lipikind-F","Lipikind-F","Atorvastatin Calciun and Fenofibrate Tablets","10+160mg","40 Tablets","Mankind",""
5254,,"WINZEST","WINZEST","Levocarnating Tablets IP","500mg","10 Tablets","WINMEDICATIONS",""
5255,,"R.B. TONE","R.B. TONE","Ferros Ascorbate, Folic Acid & Taurine Tablets","1.5mg+100mg+250mg","10 Tablets","MEDLEY Pharmaceuticals",""
5256,,"Orcibest 10mg","Orcibest 10mg","Orciprenaline 10mg Tablets","10mg","15 Tablets","Zydus",""
5257,,"Moxovas 0.2","Moxovas 0.2","Moxonidine Tablets BP","0.2MG","10 Tablets","Macleods",""
5258,,"Rofort - FM","Rofort - FM","Montelukas Sodium, Acebrophylline & Desloratadine Tablets","10mg+200mg+5mg","10 Tablets","Iosons Lifecare",""
5259,,"Moxovas 0.3","Moxovas 0.3","Moxonidine Tablets BP","0.3mg","10 Tablets","Macleods",""
5260,,"Nefrovin","Nefrovin","N-Acetylcysteine & L-Taurine Tablets","150mg+500mg","10 Tablets","ARVIN CARE",""
5261,,"Fenocor 105","Fenocor 105","Fenofibric acid tablets","105mg","10 Tablets","Exeltis",""
5262,,"Oncet 3D","Oncet 3D","Montelukas Sodium Fexofenadine Hcinsustain Released Acebrophylline Tablets","20+10+120mg","10 Tablets","MEDLEY Pharmaceuticals",""
5263,,"Lycorad","Lycorad","Lycopene, Zinc & Selenium Softgel Capsules","75mg+4000mcg+35mcg","10 Capsules","Jagsonpal Pharmaceuticals",""
5264,,"Ecospring-AV 75","Ecospring-AV 75","Aspirin Gastro-resistant and Atorvastatin Capsules IP","10mg+75mg","15 Capsules","USV PVT. LTD",""
5265,,"Orofer Xt","Orofer Xt","Ferrous Ascorbate and Folic Acid Tablets","100+1.5mg","15 Tablets","Emcure Pharmaceuticals Ltd",""
5266,,"Nexovas T","Nexovas T","Telmisartan and Cilnidipine Tablets","40+10mg","10 Tablets","Macleods",""
5267,,"Lipikind Cv10","Lipikind Cv10","Atorvastatin Calcium and Clopidogrel Capsules","10+75mg","10 Tablets","Mankind Pharma Ltd",""
5268,,"Powervit (power to protect & energize)","Powervit (power to protect & energize)","Tocopheroyl acetate, Levocarnitine, Methylcobalamin & Enzogenol Tablets","500mg+400mg+25mg+1500mcg","10 Tablets","AGLOWMED LTD",""
5269,,"Cartigen DN","Cartigen DN","Glucosamine, Diacerein and Methylsulfonylmethane Tablets","750+50+250+mg","10 Tablets","Pharmed Limited",""
5270,,"Uprise-D3 60K","Uprise-D3 60K","Cholecalciferol Capsules USP (Vitamine D)","1500mcg","12 Capsules","AlKEM Laboratories",""
5271,,"Minipress XL","Minipress XL","Prazosin Hydrochloride gits Tablets","5mg","30 Tablets","Pfizer Limited",""
5272,,"Gabapax NT300","Gabapax NT300","Gabapentin + Nortriptyline Hydrochloride Tablets","300+10mg","15 Tablets","Alteul Laboratories Pvt. LTD",""
5273,,"VOLKERPLUS","VOLKERPLUS","Acetylcysteine, Copper Sulphate, Sodium Selenate, Zinc Sulphate, L-Methionine, Folic Acid, Biotin and Calcium Pantothenate Capsules","150mg+10mg+3mg+100mcg+20mg+50mg+400mg+30mg","10 Capsules","BEVYAM MEDICARE PVT. LTD",""
5274,,"Gabapax NT400","Gabapax NT400","Gabapentin + Nortriptyline Hydrochloride Tablets","400+10mg","15 Tablets","Alteul Laboratories Pvt. LTD",""
5275,,"Pyglo","Pyglo","Piracetam and citicoline Tablets","800+500mg","15 Tablets","Alterus Biogenics Pvt Ltd",""
5276,,"Zincovit","Zincovit","Multivitamin , Multiminierals with Grape Seed extract Tablets","17mg+10mg+3mg+3mg+2.5mg+2.4mg+1.6mg+1000+250+150","15 Tablets","Apex Laboratories Pvt Ltd",""
5277,,"FOLVITE Tablets","FOLVITE Tablets","Folic Acid Tablets IP 5mg","5mg","45 Tablets","PFIZER LTD",""
5278,,"SHELCALHD","SHELCALHD","Calcium and Vitamine D3 Tablets IP","500mg+500IU","15 Tablets","Torrent Pharma",""
5279,,"Ossivite 500","Ossivite 500","Calcium and Vitamine D3 Tablets IP","500mg+250iu","15 Tablets","Pfizer Ltd",""
5280,,"Nortipen DM","Nortipen DM","Pregabalin (SR), Duloxetine (DR) & Methylcobalamin Capsules","75mg+20mg+1500mg","10 Capsules","MEDLEY Pharmaceuticals",""
5281,,"WINZEST PLUS","WINZEST PLUS","L-Carnitine L-Tartrate, Methylcobalamin & Folic Acid Tablets","500mg+1500mcg+1.5mg","10 Tablets","WINMEDICATIONS",""
5282,,"BOSS Capsules","BOSS Capsules","Grape Seed Extract, Astaxanthin, Lutein, Amino Acids , Multivitamins & Multiminerals Capsules","","10 Tablets","Foregen HEALTHCARE",""
5283,,"Mucaryl-AB","Mucaryl-AB","Acetylcysteine B.P & Acebrophylline","-600mg+100mg","10 Tablets","Glenmark Pharma",""
5284,,"Solvin OD","Solvin OD","Levocetirizine Hydrochloride 5mg & Sustained- Released Pseudoephedrine Hydrochloride 120mg Tablets","5mg+120mg","10 Tablets","Ipca Laboratories Ltd",""
5285,,"Metfor","Metfor","Metformin Hydrochloride Tablets IP 500mg","500mg","20 Tablets","CIPLA LTD",""
5286,,"Syndopa Plus","Syndopa Plus","Levodopa and Carbidopa Tablets IP","100mg+25mg","15 Tablets","Sun Pharma Laboratories Ltd",""
5287,,"SUNBLESS 60k","SUNBLESS 60k","Cholecalciferol Capsules 60K IU","60,000 IU","4 Capsules","Zydus Helthcare LTD",""
5288,,"Cavit PM","Cavit PM","Isoflavones , Calcium , Magnesium & Vitamin D3 Tablets","500mg+250IU+90mg+50mg","15 Tablets","Cachet Pharmaceutical Pvt . Ltd",""
5289,,"Calkor-D3","Calkor-D3","Cholecalciferol 60K IU Softgel Capsules","60,000 IU","4 Capsules","Biobrick Pharma",""
5290,,"Nefrosafe","Nefrosafe","Taurine & Acetylcysteine Tablets","500mg+150mg","15 Tablets","Fourrts (India) Laboraties Pvt Ltd",""
5291,,"PREGABA-NT","PREGABA-NT","Pregabalin and Nortriptyline Tablets","75mg+10mg","10 Tablets","Torrent Phara",""
5292,,"Gabaneuron NT100","Gabaneuron NT100","Gabapentin + Nortriptyline 10mg Tablets","100mg+10mg","15 Tablets","Aristo Pharmaceuticals Pvt Ltd",""
5293,,"36D 60K","36D 60K","Cholecalciferol Capsules USP","60,000 IU","4 Capsules","Hetero Healthcare LTD",""
5294,,"Nefrosafe FORTE","Nefrosafe FORTE","Acetylcysteine & Pyridoxamine Dihydrochloride Tablets","300mg+50mg Tablets","15 Tablets","Fourrts (India) Laboraties Pvt Ltd",""
5295,,"VITAM TOTAL","VITAM TOTAL","Omega-3-Fatty Acids, Ginseng Extract, Ginkgo Biloba Extract, Green Tea Extract, Garlic Extract, Grape Seed Extract, Ginger Extract, Green Coffee Extract, Guggal Extract, Glycyrrhiza Glabra Extract, Gulab Extract, Green Chirata Extract, Gilloy Extract, Citrus Bioflavonoids, Lutein, Mixed Carotenoids, Piperine, Wheat Germ Oil, Vitamins, Minerals & Trace Elements Softgel Capsules","90mg+120mg+5mg+5mg+5mg+5mg+10mg+10mg+10mg+5mg+5mg+5mg+11.33mg+150mg+150mg+15mg+14mg+1mg+150mcg+30mcg+200IU+1mcg+250mcg+25mg+15mg+7.62mg+4.61mg","10 Capsules","AMAGEN India",""
5296,,"Epomust","Epomust","Evening Primorse Oil & Tocotrienols Softgels","1000mg+30mg","15 Capsules","SH Pharmaceuticals",""
5297,,"Aldupro","Aldupro","Methylcobalamin, Alphalipoic Acid , B-Carotene , Benfotiamine , Inositol, Lutein with Vitamins and Minerals Capsules","15mg+25mg+3mg+1.5mg+1500mcg+9mg+100mg+5mg+10mg+22.5mg+65mcg","10  Capsules","Alvio Pharmaceuticals Pvt Ltd",""
5298,,"Chlorocin","Chlorocin","Chloramphenicol Eye Ointment IP 1% w/w","1% w/w 200mg","10 Ointments","Eastern Healthcare",""
5299,,"Mosiba","Mosiba","Riboflavin, Folic acid, Niacinamide with Lactic acid Bacillus Spores Tablets","10mg+1.5mg+100mg","10 Tablets","Bennet Pharma",""
5300,,"Syndopa CR125","Syndopa CR125","Levodopa and Carbidopa Prolonged Release Tablets IP","100mg+25mg","10 Tablets","Sun Pharma Laboratories Ltd",""
5301,,"PREGEB M OD 75","PREGEB M OD 75","Pregabalin Sustained Release and Methylcobalamin Tablets","75mg+1500mcg","15 Tablets","Torrent Pharma",""
5302,,"Mucinac 600","Mucinac 600","Acetlycyasteine 600mg Effervescent Tablets","600mg","10 Tablets","Cipla",""
5303,,"Rosumac Gold 10","Rosumac Gold 10","Rosuvastatin 10mg , Aspirin 75mg and Clopidogrel 75mg Capsules","10mg+75mg+75mg","10 Capsules","Macleods",""
5304,,"Vitaspark-D3","Vitaspark-D3","Cholecalciferol (Vitamine D3) Softgel Capsules 60K IU","60,000 IU","04 Capsules","Spark Medicare",""
5305,,"Rosumac Gold 20","Rosumac Gold 20","Rosuvastatin  , Aspirin and Clopidogrel  Capsules","20mg+75mg+75mg","10 Capsules","Macleods",""
5306,,"Alviroz-10","Alviroz-10","Rosuvastatin Calcium Tablets IP","10mg","10 Tablets","AlVIO Pharmaceuticals Pvt Ltd",""
5307,,"Nurokind OD","Nurokind OD","Mecobalamin Tablets","1500mcg","20 Tablets","Mankind Pharma Ltd",""
5308,,"A-Z","A-Z","Multivitamin , Multiminierals and Lycopene Tablets","65mg+14mg+10mg+4mg+1.5mg+1.3mg+1.1mg+600mcg+117mcg+30mcg+5mcg+1mcg","15 Tablets","ALKEM Laboratories",""
5309,,"S-Vocita Lite","S-Vocita Lite","Escitalopram Oxalate & Clonazepam Tablets IP","5mg+0.25mg","10 Tablets","Shine Pharmaceuticals",""
5310,,"Complibac","Complibac","Calcium Citrate Malate , Mecobalamin & Vitamin D3 Tablets","250mg+2000iu+1500mcg","15 Tablets","Indchemie Health Specialities Pvt Ltd",""
5311,,"Asomex 1.25","Asomex 1.25","S(-) Amlodipine Tablets IP","1.25mg","15 Tablets","Emcure Pharmaceuticals Ltd",""
5312,,"Genshot Capsules","Genshot Capsules","Curcuma longa extract (Curcumin 95%), Chondroitin sulfate sodium, Elemental Magnesium, Collagen Peptide, Vitame C, Sodium Hyaluronate and Vitamine D Capsules","250mg+200mg+45mg+40mg+35mg+30mg+400 IU","10 Capsules","Estrade Pharmaceuticals",""
5313,,"Stablanz-PV","Stablanz-PV","Betahistatine, Piracetam, Ginkgo Dry Extract, Vinpocetine and Cholecalciferof Tablets","16mg+60mg+400mg+5mg+400 IU","15 Tablets","Ordain healthcare global PVT. LTD",""
5314,,"Asomex 2.5","Asomex 2.5","S(-) Amlodipine Tablets IP","2.5mg","15 Tablets","Emcure Pharmaceuticals Ltd",""
5315,,"Asomex 5","Asomex 5","S(-) Amlodipine Tablets IP","5mg","15 Tablets","Emcure Pharmaceuticals Ltd",""
5316,,"Neurotrat-SR","Neurotrat-SR","Pregabalin (Prolonged Release), Methylcobalamin and Nortriptyline Hydrochloride Tablets","75mg+1500mcg+10mg","10 Tablets","Zydus Helthcare LTD",""
5317,,"Asomex -LT","Asomex -LT","S(-) Amlodipine Tablets IP +Losartan Potassium Tablets","2.5mg+50mg","15 Tablets","Emcure Pharmaceuticals Ltd",""
5318,,"Asomex- AT","Asomex- AT","S(-) Amlodipine Tablets IP + Atenol Tablets","2.5mg+50mg","15 Tablets","Emcure Pharmaceuticals Ltd",""
5319,,"Neurokind-G","Neurokind-G","Gabapentin and Mecobalamin Tablets","300mg+500mcg","10 Tablets","Discovery Mankind Division of Mankind Pharma LTD",""
5320,,"Asomex- TM","Asomex- TM","S(-) Amlodipine Tablets IP + Telmisartan  Tablets (2.5mg+40mg)","2.5mg+40mg","15 Tablets","Emcure Pharmaceuticals Ltd",""
5321,,"Moosibkid","Moosibkid","Vitamine B1, Vitamine B2, Vitamine B3, Vitamine B6 with Lactic acid Bacillus Dispersible Tablets","2mg+2.5mg+20mg+1.5mg+16 million spores","10 Tablets","Bennet Pharma",""
5322,,"Asomex -TM 5","Asomex -TM 5","S(-) Amlodipine Tablets IP + Telmisartan  Tablets (5mg+40mg)","5mg+40mg","15 Tablets","Emcure Pharmaceuticals Ltd",""
5323,,"Neurokind-LC","Neurokind-LC","L-carnitine L-Tartrate, Mecobalamin & Folic Acid Tablets","500mg+1500mcg+1.5mg","20 Tablets","Mankind Pharma Ltd",""
5325,,"S-Vocita Plus","S-Vocita Plus","Eacitalopram and Clonazepam Tablets IP","10mg+0.5mg","15 Tablets","Shine Pharmaceuticals LTD",""
5326,,"Primosa 1000","Primosa 1000","Evening Primorse Oil & Tocotrienols Softgels","1000mg","15 Capsules","Geltech Pvt Ltd",""
5327,,"Effnac-AB","Effnac-AB","Acebrophylline 100mg and Acetylcysteine 600mg Tablets","100mg+600mg","10 Tablets","Macleods Pharmaceuticals Ltd",""
5328,,"Plumoclear","Plumoclear","Acebrophylline and Acetylcysteine Tablets","100mg+600mg","15 Tablets","Fourts Laboratories Pvt. Ltd",""
5329,,"Primosa","Primosa","Evening Primorse Oil & Tocotrienols Softgels","500mg","15 Capsules","Universal NutriScience Pvt Ltd",""
5330,,"Colospa Retard","Colospa Retard","Mebeverine Prolonged Release Capsules BP","200mg","15 Capsules","Abbot India Ltd",""
5331,,"Orkocal XT","Orkocal XT","Calcium carbonate, Vitamin D3, Methylcobalamin, L-Methlfolate Calcium and Pyridoxal -5-Phospate Tablets","1250mg+2000iu+1500mcg+1mg+20mg","15 Tablets","Orko Pharmaceuticals Pvt Ltd",""
5332,,"Macvestin","Macvestin","Univestin (Scutellaria baicalensis and Acacia Catechu) Tablets","250mg","10 Capsules","Tirupaoti Lifesciences Pvt. Ltd",""
5333,,"Autrin","Autrin","Cyanocobalamin (Vitamine B12) IP, Ferros Fumarate and Foic Acid Capsules","15mg+300mg+1.5mg","30 Capsules","Steril-Gene Life Sciences Pvt. Ltd",""
5334,,"Novegen Tablets","Novegen Tablets","Desogestrel & Ethinylestradiol Tablets IP","0.15mg+0.03mg","21 Tablets","Amagen Pharma Pvt. Ltd",""
5335,,"BEPLEX FORTE","BEPLEX FORTE","Vitamine B-Complex with Vitamine C and Biotin 260mcg","260mcg","20 Tablets","Anglo-FrenchDrugs & Industries Ltd",""
5336,,"CLOPITAB-CV 10","CLOPITAB-CV 10","Atorvastatin and Clopidogrel","10mg+75mg","15 Capsules","Safetab Life Science",""
5337,,"Otocap","Otocap","Alpha Lipoic Acid , Ginkgobiloba, Chromium picolinate , Methylcobalamin, Magnesium, Zinc , Vitamin B6 , Vitamin C and Vitamin E Capsules","200mg+120mg+30mg+12mg+10mg+10mg+3mg+200mcg+2.2mcg","10 Capsules","Centaur Pharmaceuticals Pvt . Ltd",""
5338,,"Flodart Plus","Flodart Plus","Tamsulosin Hydrochloride Prolonged-release and Dutasteride Capsules IP (0.4mg + 0.5mg)","0.4mg+0.5mg","10 Capsules","Accent Pharma",""
5339,,"Sitapride -DM500","Sitapride -DM500","Sitagliptin , Dapagliflozin & Metformin Hydrochloride (Extended-Release) Tablets (100mg+10mg+500mg)","100mg+10mg+500mg","15 Tablets","Micro Labs Limited",""
5340,,"Vylda-M 500","Vylda-M 500","Vildagliptin & Metformin Tablets IP (50mg+500mg)","50mg+500mg","10 Tablets","Emcure Pharmaceuticals Ltd",""
5341,,"CHYMORAL-AP","CHYMORAL-AP","Trypsin-Chymotrypsin with Paracetamol and Acecolofenac Tablets","325mg+100mg","10 Tablets","Torrent Pharmaceuticals",""
5342,,"Sitapride-M 50/1000","Sitapride-M 50/1000","Metformin and Sitagliptin Prolonged- Release Tablets BP (1000mg+50mg)","1000mg+50mg","15 Tablets","Micro Labs Limited",""
5343,,"CHYMORAL FORTE","CHYMORAL FORTE","Trypsin-Chymotrypsin Tablets","100,000 AU","20 Tablets","Torrent Pharmaceuticals",""
5344,,"Sitapride-M 100/1000","Sitapride-M 100/1000","Metformin and Sitagliptin Prolonged- Release Tablets BP (1000mg+100mg)","1000mg+100mg","15 Tablets","Micro Labs Limited",""
5345,,"Sitapride-M 100","Sitapride-M 100","Sitagliptin Tablets IP 100mg","100mg","15 Tablets","Micro Labs Limited",""
5346,,"Sitapride-D 100/10","Sitapride-D 100/10","Dapagliflozin & Sitagliptin Tablets (10mg+100mg)","10/100mg","15 Tablets","Micro Labs Limited",""
5347,,"LysoFiam","LysoFiam","Diclofenac Potassium, Paracetamol, Trypsin & Chymotrypsin Tablets","50mg+325mg","10 Tablets","Cachet Pharmaceutical Pvt. Ltd",""
5348,,"Sitapride 50","Sitapride 50","Sitagliptin Tablets 50mg","50mg","15 Tablets","Micro Labs Limited",""
5349,,"Folcovit Capsules","Folcovit Capsules","Lactoferrin , Lactobacllius rhamnosus , Bacilluscoagulans , Lactobacillus reuteri, Lactobacillus Acidophilus, Bifidobacterium longum, folic Acid , Vitamin B12 , Selenium and Zinc Capsules","20mg+1BIU+1BIU+1BIU+1BIU+1BIU+1.5mg+15mcg+40mcg+12mg","10 Capsules","Eskag Pharma Pvt .Ltd",""
5350,,"Stemetil MD","Stemetil MD","Prochlorperazine Maleate Mouth Dissolving Tablets","5mg","15 Tablets","Abbot Healthcare Pvt. Ltd",""
5351,,"Evitol","Evitol","Tocotrienol with Omega3 Fatty Acids Capsules","200mg+120mg+80mg","15 Capsules","Anphor Organics Pvt. Ltd",""
5352,,"VERBET 16","VERBET 16","Betahistine Hydrochloride Tablets IP","16mg","10 Tablets","Albert David Ltd",""
5353,,"Istamet XR","Istamet XR","Istagliptin Phospate & Extended Release Metformin Hydrochloride Tablets","100mg+1000mg","10 Tablets","Sun Pharma Laboratories Ltd",""
5354,,"VERBET 8","VERBET 8","Betahistine Hydrochloride Tablets IP","8mg","10 Tablets","Albert David Ltd",""
5355,,"Tinnicar","Tinnicar","Caroverine Capsules","20mg","10 Tablets","Sunways (India) Pvt Ltd",""
5356,,"Voltido rotacaps","Voltido rotacaps","","","","",""
5357,,"Vertin 16","Vertin 16","Betahistine Tablets IP","16mg","15 Tablets","Abbott Indian Ltd.",""
5358,,"Vertin","Vertin","Betahistine Tablets IP","8mg","15 Tablets","Abbott Indian Ltd.",""
5359,MED05001,"Levolin","Levolin Inhaler 50 mcg (200 Metered Doses)","Levosalbutamol","50 mcg","1 Inhaler","Cipla Ltd","N/A"
5360,,"Dupbaston","Dupbaston","Dydrogesterone Tablets IP 10mg","10mg","10 Tablets","Abbott Indian Ltd.",""
5361,,"Duvadilan 10mg","Duvadilan 10mg","Isoxsuoprine Hydrochloride Tablets IP","10mg","50 Tablets","Abbott Indian Ltd.",""
5362,,"Regestrone","Regestrone","Norethindrone Acetate Tablets USP","5mg","10 Tablets","Torrent Pharma",""
5363,,"Methergin","Methergin","Methylergometrine Tablets IP","0.125mg","10 Tablets","Centaur Pharmaceuticals Pvt. Ltd",""
5364,,"Regestrone CR","Regestrone CR","Norethisterone Acetate Controled Released Tablet 10mg","10mg","10 Tablets","Torrent Pharma",""
5365,,"Penvir 500","Penvir 500","Famcicovir Tablets IP 500mg","500mg","3 Tablets","Hetero Healthcare Ltd",""
5366,,"Budamate 200 Transhaler","Budamate 200 Transhaler","Budesonide & Formoterol Fumarate Inhalation","200mcg+6mcg","1 Inhaler","Lupin Ltd",""
5367,,"Atorva 20","Atorva 20","Atorvastatin Tablets IP","20mg","15 Tablets","Zydus Healthcare Ltd",""
5368,,"Galvus Met","Galvus Met","Vildagliptin and Metformin Hydrochlopride Tablets IP","50mg+500mg","15 Tablets","Novartis Healthcare Pvt. Ltd.",""
5369,,"Tiova Inhaler","Tiova Inhaler","Tiotropium Bromide Inhaler 9mcg","9mcg","1 Inhaler","Cipla Ltd",""
5370,,"seroflo inhaler 250","seroflo inhaler 250","Salmeterol & Fluticasone Propionate Inhalation IP","25mcg+250mcg","1 Inhaler","Cipla Ltd",""
5371,,"Lasix","Lasix","Frusemide Tablets IP 40mg","40mg","15 Tablets","Sanofi India Ltd.",""
5372,,"Nootropil 800","Nootropil 800","Piracetan Tablets 800mg","800mg","30 Tablets","Dr. Reddys Laborataries",""
5373,,"Budecort 200 Inhaler","Budecort 200 Inhaler","Budesonide  Inhalation IP","200mcg","1 Inhaler","Cipla Ltd",""
5374,,"Neurobion Forte","Neurobion Forte","Vitamin B Complex  with B12","10mg+10mg+3mg+15mcg+45mg+50mg","30 Tablets","Procter & Gamle Health Ltd.",""
5375,,"Foracort 400 Inhaler","Foracort 400 Inhaler","Formoterol Fumarate & Budesonide Inhaler","6mcg+400mcg","1 Inhaler","Cipla Ltd",""
5376,,"Duolin Inhaler","Duolin Inhaler","Ipratropium Promide & Levosalbutamol Inhaler","20mcg+50mcg","1 Inhaler","Cipla Ltd",""
5377,,"VDM-KIT","VDM-KIT","Fluconazole Azithromycin and Secnidazole Combikiat","150mg+1g+1g","4 Tablets","DWD Pharmaceuticals Ltd",""
5378,,"Liv.52 DS","Liv.52 DS","Himsra, Kasani , Mandur, Bhasma , Kakamachi , Arjuna , Kasamarda, Dirangasipha , Jhavuk","13mg+130mg+66mg+64mg+64mg+32mg+32mg+32mg","60 Tablets","Himalaya Wellness Company Ltd",""
5379,,"Aldactone","Aldactone","Spifronolactone Tablets IP 25mg","25mg","15 Tablets","RPG Life Sciences Ltd",""
5380,,"Liv.52 Tablets","Liv.52 Tablets","Himsra, Kasani , Mandur, Bhasma , Kakamachi , Arjuna , Kasamarda, Dirangasipha , Jhavuk","34mg +34mg+16mg+16mg+8mg+8mg+8mg","60 Tablets","Himalaya Wellness Company Ltd",""
5381,,"Pacitane Tablets","Pacitane Tablets","Trihexyphenidyl Hydrochloride Tablets IP 2mg","2mg","25 Tablets","My Lab Pharmaceuticals",""
5382,,"Aldactone 50","Aldactone 50","Spifronolactone Tablets IP 50mg","50mg","15 Tablets","RPG Life Sciences Ltd",""
5383,,"Decolic","Decolic","Drotraverine Hydrochloride Tablets IP 80mg","80mg","10 Tablets","",""
5384,,"Thyronorm Tablets","Thyronorm Tablets","Thyroxine Sodium Tablets IP","62.5mcg","120 Tablets","Abbott India Limited",""
5385,,"Eltroxin Tablets","Eltroxin Tablets","Thyroxine Sodium Tablets IP","88mcg","60 Tablets","Glaxosmith Kline Pharmaceuticals",""
5386,,"Eltroxin Tablets","Eltroxin Tablets","Thyroxine Sodium Tablets IP","12.5mcg","120 Tablets","Glaxosmith Kline Pharmaceuticals",""
5387,,"Neo-Mercazole 5","Neo-Mercazole 5","Carbimazole Tablets IP","5mg","130 Tablets","Swiss Garniner Genexiaa Signs Pvt Ltd",""
5388,,"Eltroxin Tablets","Eltroxin Tablets","Thyroxine Sodium Tablets IP","100mcg","120 Tablets","Glaxosmith Kline Pharmaceuticals",""
5389,,"Eltroxin Tablets","Eltroxin Tablets","Thyroxine Sodium Tablets IP","25mcg","120 Tablets","Glaxosmith Kline Pharmaceuticals",""
5390,,"Eltroxin Tablets","Eltroxin Tablets","Thyroxine Sodium Tablets IP","12.5mcg","60 Tablets","Glaxosmith Kline Pharmaceuticals",""
5392,,"Nitrolong 2.6","Nitrolong 2.6","Nitroglycerin Controlled Release Tablets 2.6mg","2.6mg","30 Tablets","Curis Mankind Division of Mankind Pharma Ltd",""
5393,,"GTN-Sorbitrate CR2.6","GTN-Sorbitrate CR2.6","Nitroglycerin Controlled Release Tablets 2.6mg","2.6mg","30 Tablets","Abbott India Limited",""
5394,,"Neo-Mercazole 10","Neo-Mercazole 10","Carbimazole Tablets IP","10mg","130 Tablets","Swiss Garniner Genexiaa Signs Pvt Ltd",""
5395,,"Thyronorm Tablets","Thyronorm Tablets","Thyroxine Sodium Tablets IP","88mcg","120 Tablets","Abbott India Limited",""
5396,,"Thyronorm Tablets","Thyronorm Tablets","Thyroxine Sodium Tablets IP","25mcg","120 Tablets","Abbott India Limited",""
5397,,"Thyronorm Tablets","Thyronorm Tablets","Thyroxine Sodium Tablets IP","50mcg","120 Tablets","Abbott India Limited",""
5398,,"Thyronorm Tablets","Thyronorm Tablets","Thyroxine Sodium Tablets IP","12.5mcg","120 Tablets","Abbott India Limited",""
5399,,"Thyronorm Tablets","Thyronorm Tablets","Thyroxine Sodium Tablets IP","62.5mcg","120 Tablets","Abbott India Limited",""
5401,,"Eptoin","Eptoin","Phenytoin Tablets IP 100mg","100mg","120 Tablets","Swiss Garniner Genexiaa Signs Pvt Ltd",""
5402,,"Cital -H Tablets","Cital -H Tablets","Varuna , Pashanbheda , Punama , Shilapushpa , Shuddhaguggulu, Gokshur , Pashanbheda, Varuna , Yavkshar, Hazrul Yahudbhasma, Punarnava","150mg+100mg+75mg+125mg+120mg+75mg+50mg+50mg+40mg+32mg+25mg","60 Tablets","Indigo Remedies",""
5404,,"Migravas P","Migravas P","Sustain Release Propranolol Hydrochloride and Flunarizine Dihydrochloride Tablets","40mg + 10mg","10 tablet","Thrift Pharmaceuticals Pvt. Ltd.",""
5405,,"Bethadoxin- SG","Bethadoxin- SG","Multivitamins & Minerals with Lycopene Soft Gelatin Capsules","30mg+100mg+15mg+1.50mg+250mcg+163mcg+61.80mcg+5mg","10 Tablets","Biological E Limited",""
5406,,"Fluner-5","Fluner-5","Flunarizine Tablets 5mg IP","5mg","10 Tablets","GENO Pharmaceuticals Pvt. Ltd.",""
5407,,"Deflagard-6","Deflagard-6","Deflazacort Tablets","6mg","10 Tablets","Alkem Laboratories Ltd",""
5408,,"Migravas 10","Migravas 10","Flunarizine Tablets 10mg IP","10mg","10 Tablets","A N Pharmaceuticals",""
5409,,"Alchem Life Phytorelief-CC","Alchem Life Phytorelief-CC","Dantabija , Haridra & Zingiber Officinale Pastilles","20mg+50mg+5mg","10 Tablets","Alchem Phytoceuticals",""
5410,,"Shine-10","Shine-10","Amitriptyline Hydrochloride Tablets IP 10MG","10mg","20  Tablets","Shine Pharmaceuticals Pvt Ltd",""
5412,,"Aculip H","Aculip H","Chlordiazepoxide & Amitriptyline Tablets USP","5mg+12.5mg","20 Tablets","Shine Pharmaceuticals Pvt Ltd",""
5413,,"Hepamerz Tablet","Hepamerz Tablet","L-Ornithine L-Aspartate 150mg + Pancreatin IP 100mg","150mg + 100mg","10 Tablets","Win-Medicare Pvt. Ltd.",""
5414,,"Diapepsin -P","Diapepsin -P","Pancreatin & Activated Dimethicone Tablets","170mg+80mg","10 Tablets","",""
5418,,"CycloReg 5","CycloReg 5","Norethisterone Tablets I.P 5mg","5 mg","10 Tablets","Jagsonpal Pharmaceuticals Ltd.",""
5419,,"Doxinate","Doxinate","Doxylamine Succinate & Pyridoxine Hydrochloride Tablets","10 mg + 10 mg","30 Tablets","Maneesh Pharmaceuticals Ltd.",""
5420,,"Doxinate Plus","Doxinate Plus","Doxylamine Succinate & Pyridoxine Hydrochloride & Folic Acid Tablets","10 mg + 10 mg + 2.5 mg","30 Tablets","Maneesh Pharmaceuticals Ltd.",""
5421,,"Goodmorm Plus","Goodmorm Plus","Doxylamine Succinate, Pyridoxine Hydrochloride & Folic Acid Tablets","10 mg + 10 mg + 2.5 mg","30 Tablets","DWD Pharaceuticals Ltd",""
5423,,"Deviry - 10","Deviry - 10","Medroxyerogesterone Acetate Tablets I.P","10 mg","10 Tablets","Akums Drugs & Pharmaceuticals Ltd",""
5424,,"AUGMENTIN DUO","AUGMINTIN DUO","AMOXICILLIN AND POTASSIUM CLAVULANTE ORAL SUSPENSION IP","228.5MG/5ML","1 SUS","GSK",""
5425,,"AUGMINTIN DDS","AUGMINTIN DDS","AMOXICILLIN AND POTASSIUM CLAVULANTE ORAL SUSPENSION IP","457MG/5ML","1SUS","GSK",""
5426,,"CLAVAM DRY SYRUP","CLAVAM DRY SYRUP","AMOXICILLIN AND POTASSIUM CLAVULANTE ORAL SUSPENSION IP","125MG/31.25","1SYRUP","ALKEM",""
5427,,"Taxim- 0 Forte","Taxim- 0 Forte","Cefiximw Oral Suspension IP","100g","1 Syrup","ALKEM",""
5428,,"Taxim- 0","Taxim- 0","Cefiximw Oral Suspension IP","50g","1 Syrup","ALKEM",""
5429,,"Clavam BID","Clavam BID","AMOXICILLIN AND POTASSIUM CLAVULANTE ORAL SUSPENSION IP","200mg+28.5mg","1 Syrup","ALKEM",""
5430,,"Zocef-CV","Zocef-CV","Cefuroxmine Axetil and Potassium Calvulanate Oral Suspension","125mg + 31.25mg","1 Syrup (15g/ 30ml)","AlKEM Labaratories",""
5431,,"CALVAM FORTE","CALVAM FORTE","AMOXICILLIN AND POTASSIUM CLAVULANTE ORAL SUSPENSION IP","400mg + 57mg","1 Syrup (5.1g/ 30ml)","ALKEM",""
5432,,"Bactogard -CV 50","Bactogard -CV 50","Cefpodoxime Proxetil & Potassium Clavulanate Oral Suspension","50mg+31.25mg","1 Syrup","Indoco Remedies Ltd",""
5433,,"C- Doxi 100 Oral Suspension","C- Doxi 100 Oral Suspension","Cefpodoxime Proxetil Oral Suspension IP 100mg / 5ml","100mg","1 Syrup","Dharmo Care Labs Pvt Ltd",""
5434,,"OXIPOD-CV","OXIPOD-CV","Cefpodoxime Proxetil & Potassium Clavulanate Oral Suspension","50mg+31.25mg","1 Syrup","Indoco Remedies Ltd",""
5435,,"Himalayan Tulsi Ark","Himalayan Tulsi Ark","Energy, Sodium, Potassium, Volatile Matter, Essential Oil, Vitamin A ,Vitamin C , Calcium , Iron , Magnesium","2.5ml+5ml","1 Syrup","Himalayan Gramin Udhyog",""
5436,,"LIZOMED-XL","LIZOMED-XL","Linezolid for Oral Suspension","100mg","1 Syrup (60ml)","Aglowmed Ltd.",""
5437,,"Neopeptine Drops","Neopeptine Drops","Caraminative mixture with digestive enzymes","20mg + 10mg + 2mg + 2mg + 2mg","1 Drop","Raptakos, Brett & CO. Ltd.",""
5438,,"Zocef","Zocef","Cefuroxime Axetil for oral Suspension USP","125mg","1 Syrup","Alkem Labaratories",""
5439,,"Microcef- cv 50","Microcef- cv 50","Cefpodoxime Proxetil & Potassium Clavulanate Oral Suspension","50mg+31.25mg","1 Syrup","Micro Labs Pvt Ltd",""
5440,,"Cacef CV 100","Cacef CV 100","Cefpodoxime Proxetil & Potassium Clavulanate Oral Suspension","100mg+62.5mg","1 Syrup","Cachet Pharmaceuticals Pvt Ltd",""
5441,,"ATM XL 100","ATM XL 100","Azithromycin Oral Suspension IP","100mg","1 Syrup","Indoco Remedies Ltd",""
5442,,"Zovirax Suspension","Zovirax Suspension","Aciclovir Oral Suspension IP","400mg","1 Syrup (100ml)","GlaxoSmithKline Pharmaceuticals Ltd.",""
5443,,"ATM XL 200","ATM XL 200","Azithromycin Oral Suspension IP","200mg","1 Syrup","Indoco Remedies Ltd",""
5444,,"Dolopar 120","Dolopar 120","Paracetamol Paediatric Oral Supension IP","120 mg","1 Syrup","Sterling Lab",""
5445,,"Ibugesic Plus","Ibugesic Plus","Ibuprofen and Paracetamol Suspension","100mg  + 162.5mg","1 Syrup","Mistair Health & Hygiene Pvt. Ltd.",""
5446,,"Azibact LR Readymix 200","Azibact LR  Readymix 200","Azithromycin Oral Suspension IP","200mg","1 Syrup","Ipca Laboratories Ltd",""
5447,,"Neopeptine Liquid","Neopeptine Liquid","Palatable Preparation of Digestive Enzymes","100mg + 50mg","1 Syrup","Raptakos, Brett & CO. Ltd.",""
5448,,"Azilide - XL 100 Redimed","Azilide - XL 100 Redimed","Azithromycin Oral Suspension IP","100mg","1 Syrup","Micro Labs Ltd",""
5449,,"Clarigard 250","Clarigard 250","Clarithromycin for Oral Suspension IP","250mg","1 Syrup","Macleods Pharmaceuticals Ltd",""
5450,,"Dopolar 250","Dolopar 250","Paracetamol Paediatric Oral Suspension IP","250mg","1 Syrup","Naxpar Pharma Pvt. Ltd",""
5451,,"Calkor - D3","Calkor - D3","Cholecalciferol (Vitamin D3) 400 IU Drops","400IU","1 Drop","BIOBRICK Pharma",""
5453,,"Eptoin Suspension","Eptoin Suspension","Phenytoin Oral Suspension IP","30mg","1 Syrup","Abbott",""
5454,,"Calpol 250","Calpol 250","Paracetamol Paediatric Oral Suspension IP 200","250mg","1 Syrup","GlaxoSmithKline Pharmaceuticals Limited",""
5455,,"Phenergan","Phenergan","Promethazine Syrup IP","5mg","1 Syrup","Abbott",""
5457,,"Clarigard 125","Clarigard 125","Clarithromycin for Oral Suspension IP","125mg","1 Syrup","Macleods Pharmaceuticals Ltd",""
5458,,"Droton-M","Droton-M","Drotaverine Hydrochloride & Mefenamic Acid Tablets","250mg + 80mg","10 Tablets","Biobrick Pharma",""
5459,,"Sumo L Drops Suspension","Sumo L Drops Suspension","Paracetamol Paediatric Oral Suspenion IP","100mg","1 Drops","Alkem Labaratories Ltd",""
5460,,"Sumol 120","Sumol 120","Paracetamol Paediatric Oral Suspension IP","120","1 Syrup","Alkem Labaratories Ltd, Unit-v",""
5461,,"ACYTON-SP","ACYTON-SP","Aceclofenac, Paracetamol & Serratiopeptidase Tablets","100mg + 325mg +15mg","10 Tablets","Access Life Science",""
5462,,"Cyclopam Antispasmodic Antiflatulent","Cyclopam Antispasmodic Antiflatulent","Dicyclomine Hydrochloride & Simethicone Suspension","40mg","1 Syrup","Indoco Remedies Ltd",""
5463,,"Ibugesic (Anti-inflammatory Anelgesic)","Ibugesic (Anti-inflammatory Anelgesic)","Ibuprofen Oral Suspension IP","100mg","1 Syrup","CIPLA LTD. (Golden Cross Pharma Ltd.)",""
5464,,"Betnesol","Betnesol","Betamethasone Sodium Phospate Oral Drops","0.5mg","1 Drops","GlaxoSmithKline Pharmaceuicals Pvt Ltd",""
5465,,"Ascoril LS Drops","Ascoril LS Drops","Levosalbutamol Sulphate , Amroxol Hydrochloride & Guaiphenesin Oral Drops","0.25mg+7.5mg+12.5mg","1 Drops","Glenmark Pharmaceuticals",""
5466,,"Nuzolide-600","Nuzolide-600","Linezoild Tablets IP 600mg","600mg","10 Tablets","Angel Biotech",""
5467,,"Bikomin-Plus","Bikomin-Plus","Methylcobalamin, Alpha Lipoic Acid, Thiamine HCL, Pyridoxine Hydrochloride & Folic Acid Capsules","1500mg + 100mg +3mg + 1.5mg + 10mg","10 Capsules","Biobrick Pharma",""
5468,,"Taxim-O Drops","Taxim-O Drops","Cefixime Oral Suspension IP","25mg","1 Drops","Alkem Health Science",""
5469,,"Combiflam","Combiflam","Ibuprofen & Paracetamol Suspension","100mg + 162.5mg","1 Syrup","Naxpar Pharma Pvt. Ltd.",""
5470,,"Clavam Drops","Clavam Drops","AMOXICILLIN AND POTASSIUM CLAVULANTE ORAL SUSPENSION IP","80mg+11.4mg","1 Drops","Alkem Health Science",""
5471,,"Atarax Drops","Atarax Drops","Hydroxyzine Hydrochloride Drops","6mg","1 Drops","Dr Reddy's Laboratories Ltd",""
5472,,"Acyton-MR","Acyton-MR","Aceclofenac, Paracetamol & Chloroxazone Tablets","100mg + 325mg + 250mg","10 Tablets","Biobrick PHARMA",""
5473,,"Drotin","Drotin","Drotaverine Hydrochloride Suspension","10mg","1 Syrup","Martin and Harris  Laboratories LTD.",""
5474,,"Baroliv Drops","Baroliv Drops","Silymarin, Tricoline Citrate & Multivitamins","35mg+0.375mg+0.375mg+0.375mg+100mg+0.2mg","1 Drops","7D Nutriscience Inc",""
5475,,"Brorab-DSR","Brorab-DSR","Rabeprazole Sodium Coated & Domperidone Sustained Release Capsules","20mg + 30mg","10 Capsules","Biobrick Pharma",""
5476,,"COSCOPIN","COSCOPIN","Noscapine, Sodium Citrate Oral Suspension","1.83mg + 0.67mg + 7.00mg","1 Syrup","Biological E. Limited",""
5477,,"Equisun Drops","Equisun Drops","Chlecalciferol (Vitamin D3) Oral Drops","800 IU","1 Drops","Angel Biotech",""
5478,,"Brorab-LS","Brorab-LS","Enteric Coated Rabeprazole Sodium & Sustained Release Levosulpiride Capsules","20mg + 75mg","10 Capsules","Biobrick Pharma",""
5479,,"Asthkind -P Drops","Asthkind -P Drops","Ambroxol Hydrochloride, Terbutaline Sulphate & Guaiphenesin Oral Drops","7.5mg+0.25mg+12.5mg","1 Drops","Life Mankind",""
5480,,"Omtar 7G Softgels","Omtar 7G Softgels","Ginseng, Green Tea, Grape Seed, Ginkgo Biloba Garlic Powder, Ginger Root Green Coffee Bean, Lycopene, Omega 3 Fatty Acids Essential Amino Acids, Cyanocobalamin L-Carnitine L-Tartrate, Vitamins & Minerals Softgel Capsules","42.5mg + 10mg + 10mg + 15mg + 2mg + 5mg + 10mg + 2.5mg + 5mg + 12.5mg + 90mg + 60mg + 15mg + 12.5mg + 8.3mg + 10mg + 5mg + 480mcg + 1mg + 1mg + 0.5mg + 55mcg + 176.47mg + 30mcg + 5mcg + 5mcg + 1mcg + 250mcg + 22mg + 20mg + 10mg + 10mg + 2500mcg + 12.5mg + 2.5mg + 18mg + 15mg + 4mg + 3.6mg + 1.5mg + 5mg + 3.86mg + 0.5mg + 150mcg + 45mcg + 50mcg + 50mcg + 30mg + 500 L spores + 5mg + 5mg","10 Capsules","Biobrick Pharma",""
5481,,"DROTIN  DS","DROTIN DS","Drotaverine Hydrochloride Suspension","20mg","1 Syrup","MARTIN AND HARRIS LABORATORIES LTD.",""
5483,,"Cetzine Drops","Cetzine Drops","Cetrizine Drops 10mg /ml","10mg","1 Drops","Dr. Reddy's Laboratories Ltd",""
5484,,"Metrogyl Suspension","Metrogyl Suspension","Metronidizole Benzoate Oral Suspension IP","200mg","1 Syrup","J. B. CHEMICALS & PHARMACEUTICALS LTD",""
5485,,"Uprise-D3 Drops","Uprise-D3 Drops","Cholecalciferol (Vitamin D3) Drops","400IU","1 Drops","Alkem Laboratories",""
5486,,"Dolopar Drops","Dolopar Drops","Paracetamol Paediatric Oral Suspension IP","100mg","1 Drops","Micro Labs Limited",""
5487,,"O2 Suspension","O2 Suspension","Ofloxacin & Metronidazole Oral Suspension","100mg + 200mg","1 Syrup","MEDLEY PHARMACEUTICALS LTD.",""
5488,,"Emigo","Emigo","Ondansetron Oral Solution IP 2mg/5ml","2mg","1 Drops/Syrup","Zuventus Healthcare Limited",""
5489,,"Bactoclav","Bactoclav","Amoxycilin and Potassium Clavulanate Oral Suspension IP","200mg + 28.5mg","2 Drops/Syrup","MICRO LABS LIMITED",""
5490,,"P-100  Drops","P-100  Drops","Paracetamol Paediatric Oral Suspension IP","100mg","1 Drops","Apex Laboratories Pvt Ltd",""
5491,,"Ondem Syrup","Ondem Syrup","Ondansetron Oral Solution IP 2mg/5ml","2mg","1 Syrup","Alkem Laboratories",""
5492,,"Bactoclav DS-457","Bactoclav DS-457","Amoxycilin and Potassium Clavulanate Oral Suspension IP","400mg + 57mg","1 Drops/Syrup","MICRO LABS LIMITED",""
5493,,"Ondas 2mg/5ml","Ondas 2mg/5ml","Ondansetron Oral Soluion IP","2mg","1 Drops","Iosans Lifecare",""
5494,,"Maxtra Oral Drops","Maxtra Oral Drops","Paracetamol, Phenylephrine Hydrochloride & Chlorpheniramine Maleate Oral Drops","125mg + 2.5mg + 1mg","1 Drop/Syrup","ZUVENTUS Healthcare Limited",""
5495,,"Omnacortil solution","Omnacortil solution","Prednisolone Sodium Phosphate Solution","5mg","1 Syrup","Macleods Pharmaceuticals LTD.",""
5496,,"Onnacortil","Omnacortil","Prednisolone Sodium Phosphate Oral Drops","5mg","1 Drop","Macleods Pharmaceuticals LTD.",""
5497,,"Maxtra Oral Drops","Maxtra Oral Drops","Phenylephrine Hydrochloride & Chlorpheniramine Maleate Drops","5mg + 2mg","1 Drop","ZUVENTUS Healthcare Limited",""
5498,,"CYPON","CYPON","Cyproheptadine HCL & Tricholine Citrate Drops","1.5mg + 55mg","1 Drop","Geno Pharmaceuticals Pvt. Ltd.",""
5499,,"Bevon Drops","Bevon Drops","Isosorbide","200ui + 0.5mg + 5mg + 1mcg + 2mg + 3mcg +1mcg+10mcg + 30mg + 20mcg + 5mcg + 1mcg + 10mg + 18mg","1 Drop","",""
5500,,"LIbrium 10","LIbrium 10","Chlordiazepoxide Tablets IP","10mg","15 Tablets","abbott",""
5501,,"Sorbirate 5","Sorbirate 5","Isosorbide Dinitrate Tablets IP","5mg","60 Tablets","abbott",""
5502,,"Colimex Drops","Colimex Drops","Dicyclomine Hydrochloride & Simethicone Oral Drops","10mg+40mg","1 Drops","Wallace Pharmaceuicals Pvt Ltd",""
5503,,"Coliza Drops","Coliza Drops","Simethicone , Dill Oil & Fennel Oil Liquid","40mg+0.0005ml+0.0007ml","1 Drops","DWD Pharmaceuticals Ltd",""
5504,,"Inderal LA 40","Inderal LA 40","Propranolol Sustained Release Tablets 40mg","40mg","15 Tablets","Abbott",""
5505,,"Decolic Suspension(Paediatric)","Decolic Suspension(Paediatric)","Paediatric Suspension of Dicyclomine Hydrochloride and Simethicone","10mg+40mg","1 Syrup","Kontest Chemicals Limited",""
5506,,"Inderal F10","Inderal F10","Propranol Hydrochloride Sustained Release & Flunarizine Tablets 40mg + 10mg","40mg + 10mg","10 Tablets","Abbott",""
5507,,"Decolic Drops","Decolic Drops","Paediatric Drops of Dicyclomine Hydrochloride and Simethicone","10mg+40mg","1 Syrup","Kontest Chemicals Limited",""
5508,,"Inderal LA 20","Inderal LA 20","Propranolol Sustained Release Tablets 20mg","20mg","15 Tablets","Abbott",""
5509,,"Colimex Suspension","Colimex Suspension","Dicyclomine Hydrochloride & Simethicone Suspension","10mg+40mg","1 Syrup","Wallace Pharmaceuicals Pvt Ltd",""
5510,,"Tide 10","Tide 10","Torsemide Tablets IP","10mg","10 Tablets","Torrent Pharmaceuticals Pvt Ltd",""
5511,,"Domstal","Domstal","Domperidone Suspension IP","1mg","1 Syrup","Torrent Pharmaceuticals Pvt Ltd",""
5513,,"Mucolite Drops","Mucolite Drops","Ambroxol Hydrochlorided Drops","0.5ml+1ml+2ml","1 Drops","Dr. Reddy's Laboratories Ltd",""
5514,,"HHMITE Plus Medicated Soap","HHMITE Plus Medicated Soap","Permethrin Soap","1.00% w/w","1 Soap","Hegde and hegde Pharmaceutica LLP",""
5515,,"KZ Lotion","KZ Lotion","Ketoconazole Lotion 2%","IP 2% W/V","1 Lotion","HeBa Pharmaceutica LLP",""
5516,,"KZ Plus Medicated Soap","KZ Plus Medicated Soap","Ketoconazole Soap 2% w/w","IP 2% w/w","1 Soap","HeBa Pharmaceutica LLP",""
5517,,"Colios","Colios","Dicyclomine HCL & Simethicone Suspension","10mg + 40mg","1 Syrup","CIS LIFECARE",""
5518,,"KZ Plus Lotion","KZ Plus Lotion","Ketoconazole and Zinc Pyrithione Lotion","IP 2% w/w+ 1% w/w","1 Lotion","HeBa Pharmaceutica LLP",""
5519,,"Ketobert","Ketobert","Ketoconazole Shampoo 2%","IP 2% w/v","1 Shampoo","Albert David Ltd",""
5520,,"Coliza D Suspension","Coliza D Suspension","Simethicone & Dicyclomine Hydrochloride Suspension","40mg+10mg","1 Syrup","DWD Pharmaceuticals Ltd",""
5521,,"Dermadew Aloe Plus Lotion","Dermadew Aloe Plus Lotion","Aloe Vera Gel, Glycerin, Dimethicone and Hydrogenated Polydecene","","1 Lotion","Hegde and hegde Pharmaceutica LLP",""
5522,,"Maxtra P","Maxtra P","Paracetamol Phenylephrine Hydrochloride & Chlorpheniramine Maleate Drops","125mg + 2.5mg + 1mg","1 Drop","ZUVENTUS Healthcare Limited",""
5523,,"Onabet AD Shampoo","Onabet AD Shampoo","Sertaconazole Nitrate & Zinc Pyrithione Shampoo","2% w/v+ 1%w/v","1 Shampoo","Eris Lifesciences Limited",""
5524,,"Omnacortil Tablets","Omnacortil Tablets","Prednisolone Dispersible Tablets","10mg","10 Tables","Macleods Pharmaceuticals Ltd.",""
5525,,"Y-LAX Tablets","Y-LAX Tablets","Phenolphthalein, Senna, Sulphur","81%w/w+9%w/w+9%w/w","75 Tablets","Baksons Drugs & Pharmaceuticals Pvt Ltd",""
5526,,"Omnacortil Tablets 40mg","Omnacortil Tablets 40mg","Prednisolone Dispersible Tablets","40mg","10 Tables","Macleods Pharmaceuticals Ltd.",""
5527,,"Omnacortil Tablets 20mg","Omnacortil Tablets 20mg","Prednisolone Dispersible Tablets","20mg","10 Tables","Macleods Pharmaceuticals Ltd.",""
5528,,"Scrabic Lotion","Scrabic Lotion","Permethrin Lotion","5%w/w","1 Lotion","Leeford HealthCare Pvt Ltd",""
5529,,"Wysolone 10mg","Wysolone 10mg","Prednisolone Dispersible Tablets","10mg","15 Tables","Pfizer Ltd.",""
5530,,"Wysolone 5mg","Wysolone 5mg","Prednisolone Dispersible Tablets","5mg","15 Tables","Pfizer Ltd.",""
5531,,"Renolex","Renolex","Ranitidine Oral Solution IP","75mg","1 Syrup","Medlex Biotechnics Pvt Ltd",""
5532,,"Volix 0.2mg","Volix 0.2mg","Voglibose Tablets","0.2mg","15 Tablets","Sun pharma",""
5533,,"Neotomic Enema","Neotomic Enema","Glycerin and Sodium Chloride Enema","15%w/w+15%w/w","1 Liquid","USV Pvt Ltd",""
5534,,"Voglitor MG 0.3","Voglitor MG 0.3","Voglibose Tablets","0.3mg","15 Tablets","Torrent",""
5535,,"Volix 0.3mg","Volix 0.3mg","Voglibose Tablets","0.3mg","15 Tablets","Sun pharma",""
5536,,"Voglitor MF 0.2","Voglitor MF 0.2","Voglibose & Metformin Hydrochloride Tablets","0.2mg + 500mg","10 Tablets","Torrent",""
5538,,"Process Procto-clysis","Process Procto-clysis","Sodium Phospates Enema BP","10%w/v+8%w/v","1 Liquid","GODJAY laboratories Pvt Ltd",""
